"Gallery","File Name","Standard Link","Direct Download Link","File ID"
"Astronomy","20240518_014956.jpg","https://drive.google.com/file/d/1PkEIgm_H2paRSyvlnfJF4jYluvJSOHBz/view?usp=drivesdk","https://drive.google.com/uc?export=download&id=1PkEIgm_H2paRSyvlnfJF4jYluvJSOHBz","1PkEIgm_H2paRSyvlnfJF4jYluvJSOHBz"
"Astronomy","20240812_030542.jpg","https://drive.google.com/file/d/16GnenTnnjr02tEXVREF94CoqknuI4O8i/view?usp=drivesdk","https://drive.google.com/uc?export=download&id=16GnenTnnjr02tEXVREF94CoqknuI4O8i","16GnenTnnjr02tEXVREF94CoqknuI4O8i"
"Astronomy","20240812_034232.jpg","https://drive.google.com/file/d/1jWoMw0_KwxA6cNbtIDIOXXaMJ2Y3jqeu/view?usp=drivesdk","https://drive.google.com/uc?export=download&id=1jWoMw0_KwxA6cNbtIDIOXXaMJ2Y3jqeu","1jWoMw0_KwxA6cNbtIDIOXXaMJ2Y3jqeu"
"Astronomy","20240901_210212.jpg","https://drive.google.com/file/d/1Z5WjutHCa7plBEXfbOyaZbmVfJSL30Ag/view?usp=drivesdk","https://drive.google.com/uc?export=download&id=1Z5WjutHCa7plBEXfbOyaZbmVfJSL30Ag","1Z5WjutHCa7plBEXfbOyaZbmVfJSL30Ag"
"Astronomy","20240901_211621.jpg","https://drive.google.com/file/d/11cimF9Sx78C9h8ddDHuVEFhy3rNCgrXE/view?usp=drivesdk","https://drive.google.com/uc?export=download&id=11cimF9Sx78C9h8ddDHuVEFhy3rNCgrXE","11cimF9Sx78C9h8ddDHuVEFhy3rNCgrXE"
"Astronomy","20241010_235904.jpg","https://drive.google.com/file/d/1Uoa4QG_kjIGVpdfkK1dR43zNDuu54ujh/view?usp=drivesdk","https://drive.google.com/uc?export=download&id=1Uoa4QG_kjIGVpdfkK1dR43zNDuu54ujh","1Uoa4QG_kjIGVpdfkK1dR43zNDuu54ujh"
"Astronomy","20241012_211236.jpg","https://drive.google.com/file/d/1_9arykBUpPmOTWGfkpZ3XxTteg7jtXik/view?usp=drivesdk","https://drive.google.com/uc?export=download&id=1_9arykBUpPmOTWGfkpZ3XxTteg7jtXik","1_9arykBUpPmOTWGfkpZ3XxTteg7jtXik"
"Astronomy","20241012_212326.jpg","https://drive.google.com/file/d/154xvd6QBDaswdc8ilMTR9mt_hNn0xete/view?usp=drivesdk","https://drive.google.com/uc?export=download&id=154xvd6QBDaswdc8ilMTR9mt_hNn0xete","154xvd6QBDaswdc8ilMTR9mt_hNn0xete"
"Astronomy","20241014_192736.jpg","https://drive.google.com/file/d/1F5NeQUmJm2yavl2ygd9qOfY6vDrqWS9W/view?usp=drivesdk","https://drive.google.com/uc?export=download&id=1F5NeQUmJm2yavl2ygd9qOfY6vDrqWS9W","1F5NeQUmJm2yavl2ygd9qOfY6vDrqWS9W"
"Astronomy","20241014_193049.jpg","https://drive.google.com/file/d/1ed2jI45lTmDFhnbServz7OkCqMvA2X9Z/view?usp=drivesdk","https://drive.google.com/uc?export=download&id=1ed2jI45lTmDFhnbServz7OkCqMvA2X9Z","1ed2jI45lTmDFhnbServz7OkCqMvA2X9Z"
"Astronomy","20241014_195931.jpg","https://drive.google.com/file/d/1k7hzoMsAd6q97RZCkU0w7FLiczYYmzAd/view?usp=drivesdk","https://drive.google.com/uc?export=download&id=1k7hzoMsAd6q97RZCkU0w7FLiczYYmzAd","1k7hzoMsAd6q97RZCkU0w7FLiczYYmzAd"
"Astronomy","20241109_180423.jpg","https://drive.google.com/file/d/1FUIeTY73ImWrFo5G2cFp5jIv0cH7brbU/view?usp=drivesdk","https://drive.google.com/uc?export=download&id=1FUIeTY73ImWrFo5G2cFp5jIv0cH7brbU","1FUIeTY73ImWrFo5G2cFp5jIv0cH7brbU"
"Astronomy","20241109_181738.jpg","https://drive.google.com/file/d/1NipvaHkoLQQ5AGeWhdWgQkt2MKo_AESg/view?usp=drivesdk","https://drive.google.com/uc?export=download&id=1NipvaHkoLQQ5AGeWhdWgQkt2MKo_AESg","1NipvaHkoLQQ5AGeWhdWgQkt2MKo_AESg"
"Astronomy","20241109_182435.jpg","https://drive.google.com/file/d/1n0xX6TowXnCESnuFBG2s4l8KWtVdaN7X/view?usp=drivesdk","https://drive.google.com/uc?export=download&id=1n0xX6TowXnCESnuFBG2s4l8KWtVdaN7X","1n0xX6TowXnCESnuFBG2s4l8KWtVdaN7X"
"Astronomy","20241109_182914.jpg","https://drive.google.com/file/d/1wAwkunubfSYUF6su9ySbvvIgGV_zk5Zt/view?usp=drivesdk","https://drive.google.com/uc?export=download&id=1wAwkunubfSYUF6su9ySbvvIgGV_zk5Zt","1wAwkunubfSYUF6su9ySbvvIgGV_zk5Zt"
"Astronomy","20241109_185303.jpg","https://drive.google.com/file/d/1r-zja4LvmLq6n0SBBYyBEdwjhZLu4g3c/view?usp=drivesdk","https://drive.google.com/uc?export=download&id=1r-zja4LvmLq6n0SBBYyBEdwjhZLu4g3c","1r-zja4LvmLq6n0SBBYyBEdwjhZLu4g3c"
"Astronomy","20241208_220927.jpg","https://drive.google.com/file/d/1KGnN2zd-_VvgsrjEbln-lVqaqTCMH15W/view?usp=drivesdk","https://drive.google.com/uc?export=download&id=1KGnN2zd-_VvgsrjEbln-lVqaqTCMH15W","1KGnN2zd-_VvgsrjEbln-lVqaqTCMH15W"
"Astronomy","BigDipper1.jpg","https://drive.google.com/file/d/1-N81WVWh2jMrJV-tcSa2QPeYX-zrMcYC/view?usp=drivesdk","https://drive.google.com/uc?export=download&id=1-N81WVWh2jMrJV-tcSa2QPeYX-zrMcYC","1-N81WVWh2jMrJV-tcSa2QPeYX-zrMcYC"
"Astronomy","DarkSkyFestival2025_2..jpg","https://drive.google.com/file/d/1plWEUHG5I15_FizdOfeUb652tmNegP78/view?usp=drivesdk","https://drive.google.com/uc?export=download&id=1plWEUHG5I15_FizdOfeUb652tmNegP78","1plWEUHG5I15_FizdOfeUb652tmNegP78"
"Astronomy","DarkSkyFestival2025.jpg","https://drive.google.com/file/d/1u5NpjGGVFwHgCOMOsVjaiCMKDGKCk19i/view?usp=drivesdk","https://drive.google.com/uc?export=download&id=1u5NpjGGVFwHgCOMOsVjaiCMKDGKCk19i","1u5NpjGGVFwHgCOMOsVjaiCMKDGKCk19i"
"Astronomy","DeathValley MilkyWay.jpg","https://drive.google.com/file/d/1bZUftCqPxidrICQ_9YD7pmzem-0yPUQo/view?usp=drivesdk","https://drive.google.com/uc?export=download&id=1bZUftCqPxidrICQ_9YD7pmzem-0yPUQo","1bZUftCqPxidrICQ_9YD7pmzem-0yPUQo"
"Astronomy","DeathValleyMilkyWay1.jpg","https://drive.google.com/file/d/1zUDJwKe7aeY868seZcn04Hw0kyTPMhh0/view?usp=drivesdk","https://drive.google.com/uc?export=download&id=1zUDJwKe7aeY868seZcn04Hw0kyTPMhh0","1zUDJwKe7aeY868seZcn04Hw0kyTPMhh0"
"Astronomy","OrionDeathValley2.jpg","https://drive.google.com/file/d/1S5GTHZUt84vsLX89HvKmmN5Mi0Kk5CH7/view?usp=drivesdk","https://drive.google.com/uc?export=download&id=1S5GTHZUt84vsLX89HvKmmN5Mi0Kk5CH7","1S5GTHZUt84vsLX89HvKmmN5Mi0Kk5CH7"
"Astronomy","OrionDeathValley3.jpg","https://drive.google.com/file/d/1PXrRrLzIkDHrD7tRxFWKd8FNUs6VeMvG/view?usp=drivesdk","https://drive.google.com/uc?export=download&id=1PXrRrLzIkDHrD7tRxFWKd8FNUs6VeMvG","1PXrRrLzIkDHrD7tRxFWKd8FNUs6VeMvG"
"Astronomy","OrionDeathValley4.jpg","https://drive.google.com/file/d/1k8IgCbT-fJEHViznPPjOm3_VjjEg_zia/view?usp=drivesdk","https://drive.google.com/uc?export=download&id=1k8IgCbT-fJEHViznPPjOm3_VjjEg_zia","1k8IgCbT-fJEHViznPPjOm3_VjjEg_zia"
"Astronomy","OrionMesquite.jpg","https://drive.google.com/file/d/1LW0jqtf3EgeIkM5DIuprCjN36nzqYUi4/view?usp=drivesdk","https://drive.google.com/uc?export=download&id=1LW0jqtf3EgeIkM5DIuprCjN36nzqYUi4","1LW0jqtf3EgeIkM5DIuprCjN36nzqYUi4"
"Astronomy","PXL_20241015_024600936.NIGHT.RAW-01.COVER.jpg","https://drive.google.com/file/d/1Y5hjX-pMOCK7Xz39HhcgvtD72NEEDUvc/view?usp=drivesdk","https://drive.google.com/uc?export=download&id=1Y5hjX-pMOCK7Xz39HhcgvtD72NEEDUvc","1Y5hjX-pMOCK7Xz39HhcgvtD72NEEDUvc"
"Astronomy","PXL_20241015_030118188.NIGHT.RAW-01.COVER.jpg","https://drive.google.com/file/d/1Ce-KJQgKdH-SrVr-N56e8TBwxZlCf-cd/view?usp=drivesdk","https://drive.google.com/uc?export=download&id=1Ce-KJQgKdH-SrVr-N56e8TBwxZlCf-cd","1Ce-KJQgKdH-SrVr-N56e8TBwxZlCf-cd"
"Astronomy","PXL_20241110_021312007.NIGHT.RAW-01.COVER.jpg","https://drive.google.com/file/d/1HkpglCJYQTp_-4yAu6KOz_hv1qnqFVtv/view?usp=drivesdk","https://drive.google.com/uc?export=download&id=1HkpglCJYQTp_-4yAu6KOz_hv1qnqFVtv","1HkpglCJYQTp_-4yAu6KOz_hv1qnqFVtv"
"Astronomy","PXL_20241110_022730511.NIGHT.RAW-01.COVER.jpg","https://drive.google.com/file/d/1Uj4dA8JnbrXMQqbdSGr0Sa6hzcrX66KJ/view?usp=drivesdk","https://drive.google.com/uc?export=download&id=1Uj4dA8JnbrXMQqbdSGr0Sa6hzcrX66KJ","1Uj4dA8JnbrXMQqbdSGr0Sa6hzcrX66KJ"
"Astronomy","PXL_20241110_030936583.NIGHT.RAW-01.COVER.jpg","https://drive.google.com/file/d/1p8uWqvYfSeNZGuv8KJ6odOPLceviv6HY/view?usp=drivesdk","https://drive.google.com/uc?export=download&id=1p8uWqvYfSeNZGuv8KJ6odOPLceviv6HY","1p8uWqvYfSeNZGuv8KJ6odOPLceviv6HY"
"Astronomy","PXL_20250217_045312062.NIGHT.jpg","https://drive.google.com/file/d/1Y5S5XRSOsCK6VkDy4NqVlKqKNXOWglMb/view?usp=drivesdk","https://drive.google.com/uc?export=download&id=1Y5S5XRSOsCK6VkDy4NqVlKqKNXOWglMb","1Y5S5XRSOsCK6VkDy4NqVlKqKNXOWglMb"
"Astronomy","SunsetCampground.jpg","https://drive.google.com/file/d/1wCL3_sTr1p6Ay-_h9TzcdUobgkygCP2d/view?usp=drivesdk","https://drive.google.com/uc?export=download&id=1wCL3_sTr1p6Ay-_h9TzcdUobgkygCP2d","1wCL3_sTr1p6Ay-_h9TzcdUobgkygCP2d"
"Astronomy","TunnelView1.jpg","https://drive.google.com/file/d/1xAIF-EMfMfzybcUQFZSQ6dNjDalEQlzO/view?usp=drivesdk","https://drive.google.com/uc?export=download&id=1xAIF-EMfMfzybcUQFZSQ6dNjDalEQlzO","1xAIF-EMfMfzybcUQFZSQ6dNjDalEQlzO"
"Astronomy","TunnelView2.jpg","https://drive.google.com/file/d/1ezDc2g8vVo1zsgFEiU7RYCr3_yUigrYr/view?usp=drivesdk","https://drive.google.com/uc?export=download&id=1ezDc2g8vVo1zsgFEiU7RYCr3_yUigrYr","1ezDc2g8vVo1zsgFEiU7RYCr3_yUigrYr"
"Wildlife","_MG_0001.jpg","https://drive.google.com/file/d/1jOv848V00hKwQS7TksHHqvtFNYT3UIdR/view?usp=drivesdk","https://drive.google.com/uc?export=download&id=1jOv848V00hKwQS7TksHHqvtFNYT3UIdR","1jOv848V00hKwQS7TksHHqvtFNYT3UIdR"
"Wildlife","_MG_0023.jpg","https://drive.google.com/file/d/1m69jWr4oUODgpTX-z3bVLFtejx8VdLwE/view?usp=drivesdk","https://drive.google.com/uc?export=download&id=1m69jWr4oUODgpTX-z3bVLFtejx8VdLwE","1m69jWr4oUODgpTX-z3bVLFtejx8VdLwE"
"Wildlife","_MG_0043.jpg","https://drive.google.com/file/d/1qpmopzYsv8zFEQdkGYE5q7yZ_NKNzEBi/view?usp=drivesdk","https://drive.google.com/uc?export=download&id=1qpmopzYsv8zFEQdkGYE5q7yZ_NKNzEBi","1qpmopzYsv8zFEQdkGYE5q7yZ_NKNzEBi"
"Wildlife","_MG_0113.jpg","https://drive.google.com/file/d/1Yj9L9cGSfrBWXS14ZG8UIkPcsnt5n5CT/view?usp=drivesdk","https://drive.google.com/uc?export=download&id=1Yj9L9cGSfrBWXS14ZG8UIkPcsnt5n5CT","1Yj9L9cGSfrBWXS14ZG8UIkPcsnt5n5CT"
"Wildlife","_MG_7871.jpg","https://drive.google.com/file/d/116w9alqivEqSl4EpbC_ZIgMP48YW-2NX/view?usp=drivesdk","https://drive.google.com/uc?export=download&id=116w9alqivEqSl4EpbC_ZIgMP48YW-2NX","116w9alqivEqSl4EpbC_ZIgMP48YW-2NX"
"Wildlife","_MG_7885.jpg","https://drive.google.com/file/d/1E6OIiFqlVfxGbrfRJYG_pFKl84U9H6BN/view?usp=drivesdk","https://drive.google.com/uc?export=download&id=1E6OIiFqlVfxGbrfRJYG_pFKl84U9H6BN","1E6OIiFqlVfxGbrfRJYG_pFKl84U9H6BN"
"Wildlife","_MG_7896.jpg","https://drive.google.com/file/d/1gAOMNa1t0C-hjzJ8Az-v5Nbj7YqWC9_6/view?usp=drivesdk","https://drive.google.com/uc?export=download&id=1gAOMNa1t0C-hjzJ8Az-v5Nbj7YqWC9_6","1gAOMNa1t0C-hjzJ8Az-v5Nbj7YqWC9_6"
"Wildlife","_MG_7949.jpg","https://drive.google.com/file/d/1fhs7Exjw6Kb30x3gH6sg3LcUsXkpakj6/view?usp=drivesdk","https://drive.google.com/uc?export=download&id=1fhs7Exjw6Kb30x3gH6sg3LcUsXkpakj6","1fhs7Exjw6Kb30x3gH6sg3LcUsXkpakj6"
"Wildlife","_MG_7953.jpg","https://drive.google.com/file/d/10mwbrFPNN1ci9-MYVZ0_24yHa9e1fxCG/view?usp=drivesdk","https://drive.google.com/uc?export=download&id=10mwbrFPNN1ci9-MYVZ0_24yHa9e1fxCG","10mwbrFPNN1ci9-MYVZ0_24yHa9e1fxCG"
"Wildlife","_MG_8163.jpg","https://drive.google.com/file/d/1I40SZMoc16n4QOwE11yqHamxrtmVjphJ/view?usp=drivesdk","https://drive.google.com/uc?export=download&id=1I40SZMoc16n4QOwE11yqHamxrtmVjphJ","1I40SZMoc16n4QOwE11yqHamxrtmVjphJ"
"Wildlife","_MG_8164.jpg","https://drive.google.com/file/d/1Qzg3R7yD9g-VMTNlChUN5OXNkQiBMLSB/view?usp=drivesdk","https://drive.google.com/uc?export=download&id=1Qzg3R7yD9g-VMTNlChUN5OXNkQiBMLSB","1Qzg3R7yD9g-VMTNlChUN5OXNkQiBMLSB"
"Wildlife","_MG_8198.jpg","https://drive.google.com/file/d/18Xb6wctBKldJHW3mpH1otk-kMKv347EE/view?usp=drivesdk","https://drive.google.com/uc?export=download&id=18Xb6wctBKldJHW3mpH1otk-kMKv347EE","18Xb6wctBKldJHW3mpH1otk-kMKv347EE"
"Wildlife","_MG_8208.jpg","https://drive.google.com/file/d/1FDsXvx9IH73WP5xzxMzgupK2vC10Y-8e/view?usp=drivesdk","https://drive.google.com/uc?export=download&id=1FDsXvx9IH73WP5xzxMzgupK2vC10Y-8e","1FDsXvx9IH73WP5xzxMzgupK2vC10Y-8e"
"Wildlife","_MG_8210.jpg","https://drive.google.com/file/d/1rMjAJMvRGEisp8p40gnpNkmIbs7OcwXP/view?usp=drivesdk","https://drive.google.com/uc?export=download&id=1rMjAJMvRGEisp8p40gnpNkmIbs7OcwXP","1rMjAJMvRGEisp8p40gnpNkmIbs7OcwXP"
"Wildlife","_MG_8214.jpg","https://drive.google.com/file/d/1JU0Cbcyz1YTspdRrMbcoPCZ_4oykLn_n/view?usp=drivesdk","https://drive.google.com/uc?export=download&id=1JU0Cbcyz1YTspdRrMbcoPCZ_4oykLn_n","1JU0Cbcyz1YTspdRrMbcoPCZ_4oykLn_n"
"Wildlife","_MG_8224.jpg","https://drive.google.com/file/d/1-fT8BsGoC93QTMeRXXkvPmAcQwv88Ypj/view?usp=drivesdk","https://drive.google.com/uc?export=download&id=1-fT8BsGoC93QTMeRXXkvPmAcQwv88Ypj","1-fT8BsGoC93QTMeRXXkvPmAcQwv88Ypj"
"Wildlife","_MG_8229.jpg","https://drive.google.com/file/d/1ruXrD08HBLwvpKpzkHSFkH3nR_DXGhkV/view?usp=drivesdk","https://drive.google.com/uc?export=download&id=1ruXrD08HBLwvpKpzkHSFkH3nR_DXGhkV","1ruXrD08HBLwvpKpzkHSFkH3nR_DXGhkV"
"Wildlife","_MG_9151.jpg","https://drive.google.com/file/d/1Yyz906-Q3oJuV-EiiCqtklB19ujtE_Z_/view?usp=drivesdk","https://drive.google.com/uc?export=download&id=1Yyz906-Q3oJuV-EiiCqtklB19ujtE_Z_","1Yyz906-Q3oJuV-EiiCqtklB19ujtE_Z_"
"Wildlife","_MG_9153.jpg","https://drive.google.com/file/d/12raZgEvKLLNka8fiEX5Bik2tGdvAIgRZ/view?usp=drivesdk","https://drive.google.com/uc?export=download&id=12raZgEvKLLNka8fiEX5Bik2tGdvAIgRZ","12raZgEvKLLNka8fiEX5Bik2tGdvAIgRZ"
"Wildlife","_MG_9163.jpg","https://drive.google.com/file/d/1PS7KKRgEZZTyCE8P7arEThoRoEyrglDe/view?usp=drivesdk","https://drive.google.com/uc?export=download&id=1PS7KKRgEZZTyCE8P7arEThoRoEyrglDe","1PS7KKRgEZZTyCE8P7arEThoRoEyrglDe"
"Wildlife","_MG_9169.jpg","https://drive.google.com/file/d/1iDxGQZlFBVV-t_08hOkA8QJH1qC2bs6l/view?usp=drivesdk","https://drive.google.com/uc?export=download&id=1iDxGQZlFBVV-t_08hOkA8QJH1qC2bs6l","1iDxGQZlFBVV-t_08hOkA8QJH1qC2bs6l"
"Wildlife","_MG_9171.jpg","https://drive.google.com/file/d/11V7CYb9LM8noU7q2p_02b4hoJCGgZz55/view?usp=drivesdk","https://drive.google.com/uc?export=download&id=11V7CYb9LM8noU7q2p_02b4hoJCGgZz55","11V7CYb9LM8noU7q2p_02b4hoJCGgZz55"
"Wildlife","_MG_9188.jpg","https://drive.google.com/file/d/1XGxKJ2ER-pNSjgO_2y5NgvXUCoQda_2J/view?usp=drivesdk","https://drive.google.com/uc?export=download&id=1XGxKJ2ER-pNSjgO_2y5NgvXUCoQda_2J","1XGxKJ2ER-pNSjgO_2y5NgvXUCoQda_2J"
"Wildlife","_MG_9193.jpg","https://drive.google.com/file/d/1LlaQT7lbzK8xi9dy7daRgqM_kfRVHawr/view?usp=drivesdk","https://drive.google.com/uc?export=download&id=1LlaQT7lbzK8xi9dy7daRgqM_kfRVHawr","1LlaQT7lbzK8xi9dy7daRgqM_kfRVHawr"
"Wildlife","_MG_9504.jpg","https://drive.google.com/file/d/10JeoEwr1VmXoKH1BjshHLN1rDvRZLGdp/view?usp=drivesdk","https://drive.google.com/uc?export=download&id=10JeoEwr1VmXoKH1BjshHLN1rDvRZLGdp","10JeoEwr1VmXoKH1BjshHLN1rDvRZLGdp"
"Wildlife","_MG_9598.jpg","https://drive.google.com/file/d/1is5QICq-JrpYm9GNZnKRXfNpZ8vVQSdv/view?usp=drivesdk","https://drive.google.com/uc?export=download&id=1is5QICq-JrpYm9GNZnKRXfNpZ8vVQSdv","1is5QICq-JrpYm9GNZnKRXfNpZ8vVQSdv"
"Wildlife","_MG_9622.jpg","https://drive.google.com/file/d/1hYGY1f5kn8aVi0GmTGy5E8lIQBRDthJu/view?usp=drivesdk","https://drive.google.com/uc?export=download&id=1hYGY1f5kn8aVi0GmTGy5E8lIQBRDthJu","1hYGY1f5kn8aVi0GmTGy5E8lIQBRDthJu"
"Wildlife","_MG_9628.jpg","https://drive.google.com/file/d/1oJFtGDOEWrMoQkRDrKQN3sKE-LCEyJkK/view?usp=drivesdk","https://drive.google.com/uc?export=download&id=1oJFtGDOEWrMoQkRDrKQN3sKE-LCEyJkK","1oJFtGDOEWrMoQkRDrKQN3sKE-LCEyJkK"
"Wildlife","_MG_9641.jpg","https://drive.google.com/file/d/18JAi4Xj3qS6Kh00Db5lmyswyUfTr3KFO/view?usp=drivesdk","https://drive.google.com/uc?export=download&id=18JAi4Xj3qS6Kh00Db5lmyswyUfTr3KFO","18JAi4Xj3qS6Kh00Db5lmyswyUfTr3KFO"
"Wildlife","_MG_9642.jpg","https://drive.google.com/file/d/1GDyGeTRCWoyrp7bfAc_ZsypyTAISpc6w/view?usp=drivesdk","https://drive.google.com/uc?export=download&id=1GDyGeTRCWoyrp7bfAc_ZsypyTAISpc6w","1GDyGeTRCWoyrp7bfAc_ZsypyTAISpc6w"
"Wildlife","_MG_9660.jpg","https://drive.google.com/file/d/1Fj0IvDrPI5Qihf8yn-YdLNgetsSOuJR_/view?usp=drivesdk","https://drive.google.com/uc?export=download&id=1Fj0IvDrPI5Qihf8yn-YdLNgetsSOuJR_","1Fj0IvDrPI5Qihf8yn-YdLNgetsSOuJR_"
"Wildlife","_MG_9666.jpg","https://drive.google.com/file/d/1US0GqKrVrIuMzNE09dasDAGDltP_jn8O/view?usp=drivesdk","https://drive.google.com/uc?export=download&id=1US0GqKrVrIuMzNE09dasDAGDltP_jn8O","1US0GqKrVrIuMzNE09dasDAGDltP_jn8O"
"Wildlife","_MG_9673.jpg","https://drive.google.com/file/d/1XmYSzBNmOdTiR7GFNZEXwFVUTNijpQCB/view?usp=drivesdk","https://drive.google.com/uc?export=download&id=1XmYSzBNmOdTiR7GFNZEXwFVUTNijpQCB","1XmYSzBNmOdTiR7GFNZEXwFVUTNijpQCB"
"Wildlife","_MG_9679.jpg","https://drive.google.com/file/d/11XibjzVcXxnuBcDw5PqEBOwLaKV8muTa/view?usp=drivesdk","https://drive.google.com/uc?export=download&id=11XibjzVcXxnuBcDw5PqEBOwLaKV8muTa","11XibjzVcXxnuBcDw5PqEBOwLaKV8muTa"
"Wildlife","_MG_9998.jpg","https://drive.google.com/file/d/1v3F5f8DlxdU-TgC55csX1NzK5kFcaOn0/view?usp=drivesdk","https://drive.google.com/uc?export=download&id=1v3F5f8DlxdU-TgC55csX1NzK5kFcaOn0","1v3F5f8DlxdU-TgC55csX1NzK5kFcaOn0"